K,method,avg_spills,avg_weighted_cost,avg_cost_ratio_vs_opt,n_funcs
4,Chaitin (deg/cost),124.86,27581.34,1.03,100
4,LLVM-style weight,115.41,27100.37,1.05,100
4,Linear scan,111.12,28898.66,1.16,100
4,ML (GBM),116.91,27158.29,1.04,100
4,Optimal (ILP),117.83,26381.11,1.0,100
8,Chaitin (deg/cost),79.93,19252.34,1.04,100
8,LLVM-style weight,73.34,18595.19,1.08,100
8,Linear scan,69.89,20674.08,1.3,100
8,ML (GBM),74.49,18656.05,1.07,100
8,Optimal (ILP),75.32,17835.74,1.0,100
16,Chaitin (deg/cost),42.1,10783.84,1.03,99
16,LLVM-style weight,39.98,11264.11,1.07,99
16,Linear scan,38.09,14068.45,1.97,99
16,ML (GBM),40.12,10934.36,1.09,99
16,Optimal (ILP),40.6,10526.64,1.0,99
